{
    "name": "root",
    "metadata": {
        "timer_format_version": "0.1.0",
        "start_time_seconds": "1653077793",
        "python_version": "3.9.2 (tags/v3.9.2:1a79785, Feb 19 2021, 13:44:55) [MSC v.1928 64 bit (AMD64)]",
        "command_line_arguments": "D:\\ISEL\\IAV\\IAV_Aula2\\IAV-Aulas2\\venv\\Scripts\\mlagents-learn --run-id=hallway3",
        "mlagents_version": "0.29.0",
        "mlagents_envs_version": "0.29.0",
        "communication_protocol_version": "1.5.0",
        "pytorch_version": "1.7.1+cu110",
        "numpy_version": "1.22.3",
        "end_time_seconds": "1653077999"
    },
    "total": 205.5036242,
    "count": 1,
    "self": 0.09876450000001569,
    "children": {
        "run_training.setup": {
            "total": 0.03524660000000002,
            "count": 1,
            "self": 0.03524660000000002
        },
        "TrainerController.start_learning": {
            "total": 205.36961309999998,
            "count": 1,
            "self": 0.15664859999927216,
            "children": {
                "TrainerController._reset_env": {
                    "total": 10.4305303,
                    "count": 1,
                    "self": 10.4305303
                },
                "TrainerController.advance": {
                    "total": 194.32127370000075,
                    "count": 6098,
                    "self": 0.1518616000003874,
                    "children": {
                        "env_step": {
                            "total": 178.38987450000025,
                            "count": 6098,
                            "self": 159.5900870000011,
                            "children": {
                                "SubprocessEnvManager._take_step": {
                                    "total": 18.70142619999904,
                                    "count": 6098,
                                    "self": 0.5063905999989586,
                                    "children": {
                                        "TorchPolicy.evaluate": {
                                            "total": 18.195035600000082,
                                            "count": 6057,
                                            "self": 6.85827570000022,
                                            "children": {
                                                "TorchPolicy.sample_actions": {
                                                    "total": 11.336759899999862,
                                                    "count": 6057,
                                                    "self": 11.336759899999862
                                                }
                                            }
                                        }
                                    }
                                },
                                "workers": {
                                    "total": 0.0983613000001089,
                                    "count": 6097,
                                    "self": 0.0,
                                    "children": {
                                        "worker_root": {
                                            "total": 136.59995180000038,
                                            "count": 6097,
                                            "is_parallel": true,
                                            "self": 47.081413600000076,
                                            "children": {
                                                "steps_from_proto": {
                                                    "total": 0.0003486999999999796,
                                                    "count": 1,
                                                    "is_parallel": true,
                                                    "self": 0.00013670000000054472,
                                                    "children": {
                                                        "_process_rank_one_or_two_observation": {
                                                            "total": 0.00021199999999943486,
                                                            "count": 2,
                                                            "is_parallel": true,
                                                            "self": 0.00021199999999943486
                                                        }
                                                    }
                                                },
                                                "UnityEnvironment.step": {
                                                    "total": 89.5181895000003,
                                                    "count": 6097,
                                                    "is_parallel": true,
                                                    "self": 0.7770820000006751,
                                                    "children": {
                                                        "UnityEnvironment._generate_step_input": {
                                                            "total": 0.980523899999671,
                                                            "count": 6097,
                                                            "is_parallel": true,
                                                            "self": 0.980523899999671
                                                        },
                                                        "communicator.exchange": {
                                                            "total": 85.81934129999927,
                                                            "count": 6097,
                                                            "is_parallel": true,
                                                            "self": 85.81934129999927
                                                        },
                                                        "steps_from_proto": {
                                                            "total": 1.9412423000006882,
                                                            "count": 6097,
                                                            "is_parallel": true,
                                                            "self": 0.9423236000012434,
                                                            "children": {
                                                                "_process_rank_one_or_two_observation": {
                                                                    "total": 0.9989186999994448,
                                                                    "count": 12194,
                                                                    "is_parallel": true,
                                                                    "self": 0.9989186999994448
                                                                }
                                                            }
                                                        }
                                                    }
                                                }
                                            }
                                        }
                                    }
                                }
                            }
                        },
                        "trainer_advance": {
                            "total": 15.779537600000099,
                            "count": 6097,
                            "self": 0.17830319999967692,
                            "children": {
                                "process_trajectory": {
                                    "total": 3.2743340000004366,
                                    "count": 6097,
                                    "self": 3.2743340000004366
                                },
                                "_update_policy": {
                                    "total": 12.326900399999985,