{
    "name": "root",
    "metadata": {
        "timer_format_version": "0.1.0",
        "start_time_seconds": "1652904516",
        "python_version": "3.9.2 (tags/v3.9.2:1a79785, Feb 19 2021, 13:44:55) [MSC v.1928 64 bit (AMD64)]",
        "command_line_arguments": "D:\\ISEL\\IAV\\IAV_Aula2\\IAV-Aulas2\\venv\\Scripts\\mlagents-learn --force",
        "mlagents_version": "0.29.0",
        "mlagents_envs_version": "0.29.0",
        "communication_protocol_version": "1.5.0",
        "pytorch_version": "1.7.1+cu110",
        "numpy_version": "1.22.3",
        "end_time_seconds": "1652904560"
    },
    "total": 44.4189315,
    "count": 1,
    "self": 0.005450699999997255,
    "children": {
        "run_training.setup": {
            "total": 0.030043799999999954,
            "count": 1,
            "self": 0.030043799999999954
        },
        "TrainerController.start_learning": {
            "total": 44.383437,
            "count": 1,
            "self": 0.06202880000000732,
            "children": {
                "TrainerController._reset_env": {
                    "total": 7.206919299999999,
                    "count": 1,
                    "self": 7.206919299999999
                },
                "TrainerController.advance": {
                    "total": 36.9794443,
                    "count": 2605,
                    "self": 0.058165700000074594,
                    "children": {
                        "env_step": {
                            "total": 36.53555899999999,
                            "count": 2605,
                            "self": 28.788211100000126,
                            "children": {
                                "SubprocessEnvManager._take_step": {
                                    "total": 7.7101444000000665,
                                    "count": 2605,
                                    "self": 0.19572619999996732,
                                    "children": {
                                        "TorchPolicy.evaluate": {
                                            "total": 7.514418200000099,
                                            "count": 2571,
                                            "self": 2.6235639000000326,
                                            "children": {
                                                "TorchPolicy.sample_actions": {
                                                    "total": 4.890854300000067,
                                                    "count": 2571,
                                                    "self": 4.890854300000067
                                                }
                                            }
                                        }
                                    }
                                },
                                "workers": {
                                    "total": 0.037203499999797884,
                                    "count": 2604,
                                    "self": 0.0,
                                    "children": {
                                        "worker_root": {
                                            "total": 35.403008900000025,
                                            "count": 2604,
                                            "is_parallel": true,
                                            "self": 12.539900300000191,
                                            "children": {
                                                "steps_from_proto": {
                                                    "total": 0.0002909999999998192,
                                                    "count": 1,
                                                    "is_parallel": true,
                                                    "self": 0.00011449999999957328,
                                                    "children": {
                                                        "_process_rank_one_or_two_observation": {
                                                            "total": 0.0001765000000002459,
                                                            "count": 2,
                                                            "is_parallel": true,
                                                            "self": 0.0001765000000002459
                                                        }
                                                    }
                                                },
                                                "UnityEnvironment.step": {
                                                    "total": 22.862817599999833,
                                                    "count": 2604,
                                                    "is_parallel": true,
                                                    "self": 0.24267849999976931,
                                                    "children": {
                                                        "UnityEnvironment._generate_step_input": {
                                                            "total": 0.20609359999995647,
                                                            "count": 2604,
                                                            "is_parallel": true,
                                                            "self": 0.20609359999995647
                                                        },
                                                        "communicator.exchange": {
                                                            "total": 21.74255179999996,
                                                            "count": 2604,
                                                            "is_parallel": true,
                                                            "self": 21.74255179999996
                                                        },
                                                        "steps_from_proto": {
                                                            "total": 0.6714937000001475,
                                                            "count": 2604,
                                                            "is_parallel": true,
                                                            "self": 0.36015090000017835,
                                                            "children": {
                                                                "_process_rank_one_or_two_observation": {
                                                                    "total": 0.31134279999996917,
                                                                    "count": 5208,
                                                                    "is_parallel": true,
                                                                    "self": 0.31134279999996917
                                                                }
                                                            }
                                                        }
                                                    }
                                                }
                                            }
                                        }
                                    }
                                }
                            }
                        },
                        "trainer_advance": {
                            "total": 0.385719599999927,
                            "count": 2604,
                            "self": 0.06745939999996331,
                            "children": {
                                "process_trajectory": {
                                    "total": 0.3182601999999637,
                                    "count": 2604,
                                    "self": 0.3182601999999637
                                }
                            }
                        }
                    }
                },