{
    "name": "root",
    "metadata": {
        "timer_format_version": "0.1.0",
        "start_time_seconds": "1653072828",
        "python_version": "3.9.2 (tags/v3.9.2:1a79785, Feb 19 2021, 13:44:55) [MSC v.1928 64 bit (AMD64)]",
        "command_line_arguments": "D:\\ISEL\\IAV\\IAV_Aula2\\IAV-Aulas2\\venv\\Scripts\\mlagents-learn --force",
        "mlagents_version": "0.29.0",
        "mlagents_envs_version": "0.29.0",
        "communication_protocol_version": "1.5.0",
        "pytorch_version": "1.7.1+cu110",
        "numpy_version": "1.22.3",
        "end_time_seconds": "1653072921"
    },
    "total": 93.62218,
    "count": 1,
    "self": 0.008372699999995348,
    "children": {
        "run_training.setup": {
            "total": 0.08386689999999986,
            "count": 1,
            "self": 0.08386689999999986
        },
        "TrainerController.start_learning": {
            "total": 93.5299404,
            "count": 1,
            "self": 0.13192620000017996,
            "children": {
                "TrainerController._reset_env": {
                    "total": 12.5458989,
                    "count": 1,
                    "self": 12.5458989
                },
                "TrainerController.advance": {
                    "total": 80.66825099999984,
                    "count": 4967,
                    "self": 0.13841919999944707,
                    "children": {
                        "env_step": {
                            "total": 79.74771610000005,
                            "count": 4967,
                            "self": 61.54137700000027,
                            "children": {
                                "SubprocessEnvManager._take_step": {
                                    "total": 18.123683700000026,
                                    "count": 4967,
                                    "self": 0.45320280000012403,
                                    "children": {
                                        "TorchPolicy.evaluate": {
                                            "total": 17.6704808999999,
                                            "count": 4961,
                                            "self": 4.934234000000034,
                                            "children": {
                                                "TorchPolicy.sample_actions": {
                                                    "total": 12.736246899999868,
                                                    "count": 4961,
                                                    "self": 12.736246899999868
                                                }
                                            }
                                        }
                                    }
                                },
                                "workers": {
                                    "total": 0.08265539999975502,
                                    "count": 4966,
                                    "self": 0.0,
                                    "children": {
                                        "worker_root": {
                                            "total": 77.17821419999981,
                                            "count": 4966,
                                            "is_parallel": true,
                                            "self": 29.584250599999663,
                                            "children": {
                                                "steps_from_proto": {
                                                    "total": 0.0018276000000003734,
                                                    "count": 1,
                                                    "is_parallel": true,
                                                    "self": 0.0001918999999990234,
                                                    "children": {
                                                        "_process_rank_one_or_two_observation": {
                                                            "total": 0.00163570000000135,
                                                            "count": 2,
                                                            "is_parallel": true,
                                                            "self": 0.00163570000000135
                                                        }
                                                    }
                                                },
                                                "UnityEnvironment.step": {
                                                    "total": 47.59213600000015,
                                                    "count": 4966,
                                                    "is_parallel": true,
                                                    "self": 0.5233288999994059,
                                                    "children": {
                                                        "UnityEnvironment._generate_step_input": {
                                                            "total": 0.4501384000003057,
                                                            "count": 4966,
                                                            "is_parallel": true,
                                                            "self": 0.4501384000003057
                                                        },
                                                        "communicator.exchange": {
                                                            "total": 45.21856130000044,
                                                            "count": 4966,
                                                            "is_parallel": true,
                                                            "self": 45.21856130000044
                                                        },
                                                        "steps_from_proto": {
                                                            "total": 1.400107400000003,
                                                            "count": 4966,
                                                            "is_parallel": true,
                                                            "self": 0.7569790999994499,
                                                            "children": {
                                                                "_process_rank_one_or_two_observation": {
                                                                    "total": 0.6431283000005532,
                                                                    "count": 9932,
                                                                    "is_parallel": true,
                                                                    "self": 0.6431283000005532
                                                                }
                                                            }
                                                        }
                                                    }
                                                }
                                            }
                                        }
                                    }
                                }
                            }
                        },
                        "trainer_advance": {
                            "total": 0.7821157000003502,
                            "count": 4966,
                            "self": 0.14668330000061403,
                            "children": {
                                "process_trajectory": {
                                    "total": 0.6354323999997362,
                                    "count": 4966,
                                    "self": 0.6354323999997362
                                }
                            }
                        }
                    }
                },